"gene","estimate","p.value"
"ADORA2A",0.186350732674875,0.21872586399098
"AHR",0.342532378167365,0.0477244796663504
"B3GAT1",0.119853060996136,0.576287921426757
"BCL6",0.328079304268144,0.0771245411677573
"BTLA",0.270376859928788,0.131754073462924
"C10orf54",0.215862738572282,0.191983520537358
"CCR4",0.193731747540366,0.176222624115153
"CCR6",0.0937755293287726,0.582914800403063
"CD127",0.189647146257803,0.220323007207634
"CD160",0.353048326803693,0.0413718986598641
"CD200R1",0.14699492496661,0.342403179726407
"CD244",0.139771975975772,0.219795686586518
"CD27",0.245080080493116,0.116759359127324
"CD274",0.104088746646875,0.300604255088438
"CD276",0.109641367457054,0.215376700463464
"CD28",0.266579692085632,0.135709229805097
"CD3D",0.206702462255764,0.21790046219272
"CD3E",0.284512314210537,0.1018259800226
"CD4",0.244347138516896,0.0954564006590711
"CD80",-1.08068332755676e-05,0.999855442001103
"CD86",-0.0123541318930018,0.865356734406203
"CD8A",0.30808990487824,0.089286714572822
"CD96",0.084004462381253,0.332630063981346
"CDKN1B",0.197286308287196,0.124384598814209
"CDKN2A (ARF)",0.127727430621214,0.36418313122759
"CDKN2A (p16)",0.0536993129307996,0.452407462453961
"CEACAM1",-0.00576278461550297,0.944031636796548
"CTLA4",0.0745782843778069,0.388000749179223
"CXCR3",0.0587946583731907,0.724322783453341
"EGR1",-0.0416611972394008,0.82719153547371
"EOMES",0.0193615905302335,0.820257588189971
"FOXO1",0.418192779900863,0.0466102294719251
"FOXP3",0.312597423903622,0.0797340171936471
"GATA3",0.181193530985276,0.137451131683185
"GRAIL",-0.0135870059549787,0.809030516799887
"GZMB",0.386549872079592,0.0458825652815757
"HAVCR2",0.0227446761185389,0.740615799685561
"IFNG",0.0734064220608198,0.693630368774632
"IL-10",-0.000160604114503565,0.998187519927675
"IL-17A",0.212483564971961,0.0641730857265074
"IL-2",0.0873484937921174,0.567915457012651
"IL-21",-0.118224708116287,0.608574568975659
"IL-4",0.028926616087544,0.729528913827748
"IL2RA",0.154986293743882,0.242175340484042
"IL6",0.108614428369823,0.282367545884437
"ITCH",0.294668709624485,0.0962996026366387
"KIR_Activating_Subgroup_1",0.0791333816755224,0.460463735681017
"KIR_Activating_Subgroup_2",-0.00555769398247433,0.924853436637505
"KIR_Inhibiting_Subgroup_1",0.0475818447311164,0.571919449596602
"KIR_Inhibiting_Subgroup_2",-0.00089774330868002,0.994632735469164
"KLRG1",-0.0289322649741458,0.826004491535944
"LAG3",0.130248076525576,0.432853071760246
"NECTIN2",-0.0659743182458966,0.717090490339382
"PDCD1",0.0774512757695001,0.465452932069059
"PDCD1LG2",0.028852124542397,0.754922158899168
"PRDM1",0.147044081329977,0.206447997162164
"PTPRC_1",0.113582335928785,0.344084187407679
"PTPRC_2",0.0816117835766622,0.345803335737623
"PTPRC_3",0.169949247458972,0.333785022871209
"PVR",0.305582697581402,0.372069268082187
"PVRIG",0.303114509883947,0.0937611296871299
"RORA",0.257484093293453,0.144904080482396
"RORC",0.0762186200720895,0.65031565150365
"RUNX3",0.246068988974749,0.13137102270801
"SPI1",0.220874161331992,0.229358200115398
"SPN",0.241132309181453,0.109527800095265
"TBX21",0.220750272800386,0.155498417577782
"TGFB1",0.257442043131336,0.124909022971972
"TIGIT",0.243093438671972,0.100802077755679
"TNF",0.170161398731966,0.220338707401826
"TNFRSF14",0.28676347595586,0.10252410093072
"TNFRSF18",0.246577503367593,0.157989417788772
"VTCN1",0.513727625256465,0.067628895244585
"ZBTB7B",0.287525966757283,0.100623070615858
"GUSB",0.0905727197818632,0.600989307969272
"HPRT1",0.0371364084383718,0.84323608463584
"PGK1",0.0691856722123067,0.556568997327445
"UBC",0.142758476069615,0.409335556207872
"YWHAZ",0.130685896882265,0.425488252128307
