"","AUCPR"
"1",0.370280597004735
"2",0.338756170223211
"3",0.333341595094455
"4",0.352763669692574
"5",0.356068928797829
"6",0.329230327725455
"7",0.33065263554585
"8",0.35803548175962
"9",0.346995031995032
"10",0.343501132270232
"11",0.333561098443131
"12",0.354920679810386
"13",0.378873486873487
"14",0.351039359150565
"15",0.328574724232619
"16",0.353416433390571
"17",0.368711259500733
"18",0.328514480683598
"19",0.353246189192481
"20",0.390554667647271
"21",0.311982007982008
"22",0.35512104743083
"23",0.348067025567026
"24",0.363865331174444
"25",0.355648795648796
