"","run","Average"
"1",1,0.509380273918246
"2",2,0.33327307834449
"3",3,0.304305092285307
"4",4,0.472172746510535
"5",5,0.471397186413707
"6",6,0.333577573032712
"7",7,0.338637205830342
"8",8,0.293453565673252
"9",9,0.483392659154255
"10",10,0.404260950188012
"11",11,0.315701694470315
"12",12,0.549542765886658
"13",13,0.309942300110374
"14",14,0.388124427594666
"15",15,0.282377508913313
"16",16,0.348540559523122
"17",17,0.288127595110858
"18",18,0.317038491987315
"19",19,0.483527240476048
"20",20,0.34890401058459
"21",21,0.304419820526676
"22",22,0.429373455742742
"23",23,0.472822100253533
"24",24,0.351181949413006
"25",25,0.394710025470901
"26",26,0.391323266453057
"27",27,0.262868401058832
"28",28,0.337694147356659
"29",29,0.386297494951396
"30",30,0.397388851007175
"31",31,0.485149162426042
"32",32,0.406101935221424
"33",33,0.456627365383693
"34",34,0.422406739731858
"35",35,0.399474172537687
"36",36,0.404355916687145
"37",37,0.356893001699541
"38",38,0.353198046797703
"39",39,0.39823394831839
"40",40,0.334018289349369
"41",41,0.29386942189947
"42",42,0.331948253249265
"43",43,0.325506647682657
"44",44,0.349460779014197
"45",45,0.420231500536201
"46",46,0.531053044096565
"47",47,0.492896306223521
"48",48,0.3053962733742
"49",49,0.603471189374576
"50",50,0.411988534753697
"51",51,0.337103376957045
"52",52,0.314983035092615
"53",53,0.319114578947139
"54",54,0.335805746949728
"55",55,0.372750248214323
"56",56,0.442404292831441
"57",57,0.367641658127499
"58",58,0.276422049415771
"59",59,0.552177899166867
"60",60,0.30160919726575
"61",61,0.488426310669453
"62",62,0.406112927424274
"63",63,0.310200775519565
"64",64,0.64342711858636
"65",65,0.361987764987561
"66",66,0.479772226316728
"67",67,0.516481903113278
"68",68,0.430820076428482
"69",69,0.477425371847634
"70",70,0.296671361103879
"71",71,0.256251720641649
"72",72,0.459062784322969
"73",73,0.388222191708705
"74",74,0.286439919799146
"75",75,0.64044460864715
"76",76,0.382016581719544
"77",77,0.366451423511711
"78",78,0.27819425337938
"79",79,0.370282017373459
"80",80,0.403663922149387
"81",81,0.64463110112359
"82",82,0.287941534549917
"83",83,0.411428919965068
"84",84,0.438363251271044
"85",85,0.302413756516644
"86",86,0.380096505005491
"87",87,0.39152301008649
"88",88,0.375538049271979
"89",89,0.367266965900939
"90",90,0.378130557425269
"91",91,0.340226359107662
"92",92,0.439210721072015
"93",93,0.330980163449215
"94",94,0.34371097133484
"95",95,0.276917083535931
"96",96,0.326053215214353
"97",97,0.435103824061552
"98",98,0.654016526193392
"99",99,0.477988204276164
"100",100,0.288753917702005
"101",101,0.357243236734069
"102",102,0.446774289549134
"103",103,0.436753190020747
"104",104,0.321517995657137
"105",105,0.394162164543316
"106",106,0.445858870038853
"107",107,0.337567520882579
"108",108,0.313273561555328
"109",109,0.341691227104874
"110",110,0.412365966489333
"111",111,0.43115430403051
"112",112,0.283595916720623
"113",113,0.333322345491752
"114",114,0.328656304641709
"115",115,0.454474493624437
"116",116,0.35418119547231
"117",117,0.420227731473645
"118",118,0.314360462961856
"119",119,0.359184583449827
"120",120,0.405832108516567
"121",121,0.373042247588577
"122",122,0.324760536197845
"123",123,0.337956534030411
"124",124,0.313104911202876
"125",125,0.372188868051471
"126",126,0.380605355984607
"127",127,0.378851577488924
"128",128,0.360168179955826
"129",129,0.350803807109206
"130",130,0.457547457767929
"131",131,0.456207607127126
"132",132,0.372240197849226
"133",133,0.433145673374245
"134",134,0.355038364645547
"135",135,0.531160945262174
"136",136,0.28789023963559
"137",137,0.334552756452291
"138",138,0.346862770829087
"139",139,0.45967412485344
"140",140,0.341702944247792
"141",141,0.351099053649053
"142",142,0.415624095826214
"143",143,0.416468822661121
"144",144,0.442050389096265
"145",145,0.374692574995512
"146",146,0.519843778260044
"147",147,0.488343514281571
"148",148,0.379359857847185
"149",149,0.339051795721492
"150",150,0.435721157808083
"151",151,0.345715858149522
"152",152,0.402605167380601
"153",153,0.309440914102374
"154",154,0.306483224154872
"155",155,0.439729945230133
"156",156,0.288067090867534
"157",157,0.548311388551197
"158",158,0.380412964018947
"159",159,0.304253680357072
"160",160,0.365231654251016
"161",161,0.313150347397332
"162",162,0.400124863700911
"163",163,0.38425438360411
"164",164,0.314850915854489
"165",165,0.367756099478932
"166",166,0.379693128207837
"167",167,0.290790055073536
"168",168,0.462533778283148
"169",169,0.315137574631769
"170",170,0.304085900016366
"171",171,0.253303120484962
"172",172,0.437733405874988
"173",173,0.425287460812586
"174",174,0.423831920720627
"175",175,0.263513711022244
"176",176,0.327541793711498
"177",177,0.259379456860383
"178",178,0.281204894119181
"179",179,0.30951839512627
"180",180,0.275144066757307
"181",181,0.489999270373668
"182",182,0.423909416972972
"183",183,0.358705915265016
"184",184,0.291473295523415
"185",185,0.373474843750815
"186",186,0.299383310197837
"187",187,0.544384087791205
"188",188,0.444394606221724
"189",189,0.365968893027885
"190",190,0.370100286407076
"191",191,0.318155279149473
"192",192,0.326690092912001
"193",193,0.29762661047676
"194",194,0.249992998621192
"195",195,0.366171401077078
"196",196,0.495481007612587
"197",197,0.410652199571452
"198",198,0.311665180375741
"199",199,0.389583561927181
"200",200,0.327453063358039
"201",201,0.454432495462225
"202",202,0.327352774136158
"203",203,0.315593760104358
"204",204,0.390625161968921
"205",205,0.627673965744076
"206",206,0.400351204927468
"207",207,0.356196817712259
"208",208,0.502236062700557
"209",209,0.396829850745284
"210",210,0.436439329623398
"211",211,0.345299900631453
"212",212,0.282501736368337
"213",213,0.421676637330702
"214",214,0.352794774046067
"215",215,0.288854257816481
"216",216,0.380629629415844
"217",217,0.348471730882721
"218",218,0.488366313622134
"219",219,0.430000562739469
"220",220,0.398614255520412
"221",221,0.315431159508138
"222",222,0.379245067238001
"223",223,0.349122745774349
"224",224,0.434673655614459
"225",225,0.375041309624055
"226",226,0.333187872966939
"227",227,0.382437680402941
"228",228,0.437334885667653
"229",229,0.375591504557742
"230",230,0.363626009162829
"231",231,0.410883839390229
"232",232,0.412836496382214
"233",233,0.432193734072864
"234",234,0.38127689127356
"235",235,0.352468687637015
"236",236,0.342060463406201
"237",237,0.307164810367681
"238",238,0.343409378561067
"239",239,0.292260916185831
"240",240,0.38307317579288
"241",241,0.418360125170644
"242",242,0.475671023833287
"243",243,0.448524104462311
"244",244,0.451233600483432
"245",245,0.327991575142576
"246",246,0.381179486856804
"247",247,0.481212490879525
"248",248,0.341537527489924
"249",249,0.362426066862398
"250",250,0.334249097271271
"251",251,0.403477410762837
"252",252,0.389981969786892
"253",253,0.305885425128618
"254",254,0.381590669930742
"255",255,0.51180407337793
"256",256,0.587106537803506
"257",257,0.373852646886443
"258",258,0.359940259374963
"259",259,0.443066025708012
"260",260,0.345081072668196
"261",261,0.26767744598813
"262",262,0.29222008051705
"263",263,0.318865652244576
"264",264,0.374289652913546
"265",265,0.369546990508529
"266",266,0.30863982231826
"267",267,0.305700864932325
"268",268,0.269865160721747
"269",269,0.326575586680473
"270",270,0.313251697730902
"271",271,0.320712811212742
"272",272,0.278587377673419
"273",273,0.464869062655357
"274",274,0.432971002368924
"275",275,0.358005336397451
"276",276,0.351717546664478
"277",277,0.376000639512904
"278",278,0.429930993410406
"279",279,0.379480680737913
"280",280,0.340615334122831
"281",281,0.360054201211604
"282",282,0.436178220252906
"283",283,0.388173648497447
"284",284,0.349636611562143
"285",285,0.299395068721966
"286",286,0.352660596195863
"287",287,0.332343504212518
"288",288,0.299564368211788
"289",289,0.386448482684708
"290",290,0.298319041531031
"291",291,0.323626774634332
"292",292,0.289371309714299
"293",293,0.363491608431183
"294",294,0.345423552127037
"295",295,0.308993159943576
"296",296,0.390908476222296
"297",297,0.32999665804045
"298",298,0.423873841556416
"299",299,0.441331535271157
"300",300,0.275473167311955
"301",301,0.291307220721504
"302",302,0.409901564154927
"303",303,0.287873155166976
"304",304,0.418654755219084
"305",305,0.305027153345939
"306",306,0.276407940356565
"307",307,0.352279682648434
"308",308,0.279263122337651
"309",309,0.37722003822461
"310",310,0.406610712096267
"311",311,0.474618770333321
"312",312,0.368751679548768
"313",313,0.302569731011911
"314",314,0.341534155192507
"315",315,0.290003702688616
"316",316,0.295797031593989
"317",317,0.346707714372736
"318",318,0.305125498307433
"319",319,0.385676389331388
"320",320,0.423862426371239
"321",321,0.441747092025026
"322",322,0.320953977984722
"323",323,0.435680976059643
"324",324,0.397511509290457
"325",325,0.248301234479571
"326",326,0.323779623663774
"327",327,0.325520057547154
"328",328,0.301796648152993
"329",329,0.278494962913161
"330",330,0.339131593265652
"331",331,0.331454292963547
"332",332,0.287200691556996
"333",333,0.409291323893426
"334",334,0.26164180034651
"335",335,0.354209235083177
"336",336,0.33063465032763
"337",337,0.353477187396438
"338",338,0.344826430990133
"339",339,0.370307437660379
"340",340,0.442689263825554
"341",341,0.423169339217929
"342",342,0.345065903291343
"343",343,0.45301616944089
"344",344,0.425786041504324
"345",345,0.340891195499384
"346",346,0.357191231857868
"347",347,0.339297268487237
"348",348,0.34746873050746
"349",349,0.466473127859875
"350",350,0.295091859360611
"351",351,0.333970594576193
"352",352,0.329733267945249
"353",353,0.3086015189152
"354",354,0.328789686926066
"355",355,0.427079566182031
"356",356,0.414951902799371
"357",357,0.304623977985219
"358",358,0.364703845263893
"359",359,0.281351408650416
"360",360,0.484236487689693
"361",361,0.576786136447801
"362",362,0.303778383523056
"363",363,0.369170907511761
"364",364,0.308065874855664
"365",365,0.429515578223524
"366",366,0.35000560106459
"367",367,0.452477049946171
"368",368,0.464415473943941
"369",369,0.464700634984638
"370",370,0.381675626135323
"371",371,0.330926480076368
"372",372,0.374820855168384
"373",373,0.390475244712095
"374",374,0.3181700955304
"375",375,0.321856641540964
"376",376,0.380400294361197
"377",377,0.455769772638494
"378",378,0.429575875879218
"379",379,0.375298929497397
"380",380,0.42145868966149
"381",381,0.472179319056525
"382",382,0.431326429748787
"383",383,0.324485509154139
"384",384,0.262903189740158
"385",385,0.382061457486477
"386",386,0.565066804034596
"387",387,0.284107848965138
"388",388,0.300987798856823
"389",389,0.447620792371677
"390",390,0.311592729566864
"391",391,0.289569248212116
"392",392,0.373672380251328
"393",393,0.455111763460363
"394",394,0.377716750019067
"395",395,0.47110479735609
"396",396,0.366943811786991
"397",397,0.342653083046432
"398",398,0.411430763048803
"399",399,0.405462345350793
"400",400,0.340759660531815
"401",401,0.363954314662828
"402",402,0.304843513625276
"403",403,0.395670002350932
"404",404,0.266377886379739
"405",405,0.313516013663349
"406",406,0.348233196743466
"407",407,0.422375776470916
"408",408,0.400511746849978
"409",409,0.369428150869452
"410",410,0.366613427335296
"411",411,0.411523767658455
"412",412,0.390822165209996
"413",413,0.403962564529129
"414",414,0.435379157885629
"415",415,0.408147325272771
"416",416,0.314039065587075
"417",417,0.418541621450847
"418",418,0.491574308360813
"419",419,0.349150934483461
"420",420,0.386065387648227
"421",421,0.442369342779609
"422",422,0.322813920226982
"423",423,0.277282486942316
"424",424,0.261589802457927
"425",425,0.34521213118429
"426",426,0.450943315434783
"427",427,0.413952789499916
"428",428,0.285390749043639
"429",429,0.453068630200209
"430",430,0.316677015537037
"431",431,0.324235869878643
"432",432,0.370614706173355
"433",433,0.38317380329081
"434",434,0.400094040474387
"435",435,0.331029936678972
"436",436,0.324495300678631
"437",437,0.321648229115731
"438",438,0.318925137506576
"439",439,0.381657764880712
"440",440,0.439019617287289
"441",441,0.289278779023166
"442",442,0.340929164349474
"443",443,0.383395635737384
"444",444,0.432604321177599
"445",445,0.463653605094219
"446",446,0.331217053327988
"447",447,0.40433439528218
"448",448,0.365538869106762
"449",449,0.303850562197783
"450",450,0.40002242055859
"451",451,0.347991964844348
"452",452,0.368539018082662
"453",453,0.614281652855457
"454",454,0.431236241840209
"455",455,0.381333839516311
"456",456,0.436487772879339
"457",457,0.30479268135414
"458",458,0.34412737238425
"459",459,0.358171826818983
"460",460,0.366281972986277
"461",461,0.397091437953956
"462",462,0.397143324266232
"463",463,0.381207128611956
"464",464,0.333714510357859
"465",465,0.427145697775987
"466",466,0.344677465111367
"467",467,0.280586611291127
"468",468,0.378836283291621
"469",469,0.334429794184545
"470",470,0.337635063927701
"471",471,0.264739857962316
"472",472,0.320792620195119
"473",473,0.468517066056712
"474",474,0.485548736739151
"475",475,0.280245433940791
"476",476,0.314898554263545
"477",477,0.372694715358573
"478",478,0.329974805036724
"479",479,0.39967500062228
"480",480,0.395156665775927
"481",481,0.299855645985748
"482",482,0.331432794456322
"483",483,0.399514988681895
"484",484,0.47775585692674
"485",485,0.3309878255961
"486",486,0.418326219985449
"487",487,0.285373102056718
"488",488,0.422636578225286
"489",489,0.408408277115279
"490",490,0.322778211046129
"491",491,0.298352558104469
"492",492,0.4163666335787
"493",493,0.327129803541199
"494",494,0.400787909154749
"495",495,0.52407562078752
"496",496,0.316670228774039
"497",497,0.534658596792103
"498",498,0.378431134512676
"499",499,0.402190501769288
"500",500,0.311465963098593
"501",501,0.351194049644421
"502",502,0.292163455414136
"503",503,0.250567728294473
"504",504,0.349768176760124
"505",505,0.313374936196548
"506",506,0.434361877287998
"507",507,0.357993604894284
"508",508,0.378234203615355
"509",509,0.309566937584389
"510",510,0.321052715895283
"511",511,0.550907815630203
"512",512,0.361574598642509
"513",513,0.334337461765102
"514",514,0.3383894215446
"515",515,0.365950046516641
"516",516,0.305751691415122
"517",517,0.424734605701757
"518",518,0.297221515288888
"519",519,0.253840196278381
"520",520,0.451069117969242
"521",521,0.327970413047808
"522",522,0.425197400552491
"523",523,0.43584183448246
"524",524,0.337153067877464
"525",525,0.362772252579239
"526",526,0.358196171099636
"527",527,0.372450207449761
"528",528,0.350834096503362
"529",529,0.483237857495649
"530",530,0.38517618424677
"531",531,0.302473544915743
"532",532,0.249364583122024
"533",533,0.405345519587294
"534",534,0.329826725832616
"535",535,0.321375735335941
"536",536,0.355585922775565
"537",537,0.355436761038344
"538",538,0.403808415330154
"539",539,0.331663014263439
"540",540,0.41074702572236
"541",541,0.485034112252415
"542",542,0.381958830123588
"543",543,0.369211552353072
"544",544,0.34203355105228
"545",545,0.342057978132709
"546",546,0.482300894711958
"547",547,0.374509763425985
"548",548,0.338889654275795
"549",549,0.330866426427236
"550",550,0.578750043532656
"551",551,0.325843887910872
"552",552,0.45670939029597
"553",553,0.355553923333156
"554",554,0.392468279272856
"555",555,0.321689072400587
"556",556,0.390868601344247
"557",557,0.435545555442807
"558",558,0.496404839702775
"559",559,0.315286618332582
"560",560,0.42271142727894
"561",561,0.314204073216288
"562",562,0.543045472338637
"563",563,0.281503891111137
"564",564,0.416852994118535
"565",565,0.328022356808844
"566",566,0.419195803278426
"567",567,0.32190073079907
"568",568,0.355110013393265
"569",569,0.311915506925738
"570",570,0.377201568573551
"571",571,0.512406336058254
"572",572,0.359848563779803
"573",573,0.41049342815239
"574",574,0.340364211091517
"575",575,0.500416752811371
"576",576,0.258812756312803
"577",577,0.524016761005113
"578",578,0.479424136274404
"579",579,0.452639498079235
"580",580,0.474261501008532
"581",581,0.316601044395093
"582",582,0.486155988774757
"583",583,0.412807202350189
"584",584,0.365346669323894
"585",585,0.302232619652393
"586",586,0.325407395880144
"587",587,0.342751930221298
"588",588,0.294578935251685
"589",589,0.296258407148277
"590",590,0.33683293153643
"591",591,0.289904636032948
"592",592,0.373556352163624
"593",593,0.358194038724312
"594",594,0.380595127068303
"595",595,0.419251418300821
"596",596,0.333366617118234
"597",597,0.357536698521076
"598",598,0.286096401955442
"599",599,0.314345892615005
"600",600,0.347889752742415
"601",601,0.332585662023882
"602",602,0.367645995128824
"603",603,0.376514083307605
"604",604,0.373240437453659
"605",605,0.393830615288007
"606",606,0.403596311087499
"607",607,0.348207114110744
"608",608,0.296551685144216
"609",609,0.425707228689882
"610",610,0.324508088083567
"611",611,0.399486193264372
"612",612,0.260229981898622
"613",613,0.255218238711586
"614",614,0.343458104991768
"615",615,0.382393050529455
"616",616,0.303451143379129
"617",617,0.425831431123884
"618",618,0.39036196586064
"619",619,0.310937303657579
"620",620,0.393382569672349
"621",621,0.496835457655384
"622",622,0.370033112051899
"623",623,0.405420055442686
"624",624,0.332743787199148
"625",625,0.572463117356351
"626",626,0.331367717052753
"627",627,0.390126363635943
"628",628,0.39620349868899
"629",629,0.271429846470298
"630",630,0.279598734479551
"631",631,0.474092503504746
"632",632,0.385857548161771
"633",633,0.439305849052927
"634",634,0.525282221195068
"635",635,0.591742532811538
"636",636,0.332876842255937
"637",637,0.507451508182453
"638",638,0.431130716194634
"639",639,0.422478718700229
"640",640,0.324586916014306
"641",641,0.359918617978571
"642",642,0.36337474735832
"643",643,0.453995560859423
"644",644,0.353351315767927
"645",645,0.272604136605163
"646",646,0.400950780631134
"647",647,0.312809690804724
"648",648,0.260206899216013
"649",649,0.34207761239762
"650",650,0.309059841516593
"651",651,0.308911491158781
"652",652,0.348272571473549
"653",653,0.438801073271493
"654",654,0.28636421365095
"655",655,0.397793416406844
"656",656,0.392655524373917
"657",657,0.35021289988618
"658",658,0.392111165786252
"659",659,0.303269397238193
"660",660,0.297345165089262
"661",661,0.436303098698967
"662",662,0.677598084282058
"663",663,0.358879662447518
"664",664,0.346443514436927
"665",665,0.363825727564757
"666",666,0.394319795665578
"667",667,0.509565187011531
"668",668,0.271545467588907
"669",669,0.366068406649573
"670",670,0.433373399061733
"671",671,0.353576125477549
"672",672,0.510239807699047
"673",673,0.380048502113187
"674",674,0.476351730904249
"675",675,0.462718361365396
"676",676,0.393644237407196
"677",677,0.297925722233242
"678",678,0.366987284225639
"679",679,0.336503045229711
"680",680,0.345723789636438
"681",681,0.3228105235373
"682",682,0.368407030386341
"683",683,0.265590643201227
"684",684,0.351506848469098
"685",685,0.358744557508726
"686",686,0.337052009063451
"687",687,0.351327305638168
"688",688,0.337108371525375
"689",689,0.423074170514851
"690",690,0.324326263477007
"691",691,0.296896145675455
"692",692,0.421479760180261
"693",693,0.470077789027693
"694",694,0.436428956892677
"695",695,0.296371900980782
"696",696,0.420637059868562
"697",697,0.324812597737677
"698",698,0.312142947759397
"699",699,0.403970272421821
"700",700,0.331317608887408
"701",701,0.452925438017564
"702",702,0.427860392025825
"703",703,0.454498738563764
"704",704,0.455740297699078
"705",705,0.385199456301097
"706",706,0.36215318846043
"707",707,0.332983113669267
"708",708,0.422457522830014
"709",709,0.291872482770319
"710",710,0.461617899526293
"711",711,0.288206719415106
"712",712,0.484856945958196
"713",713,0.423149229413977
"714",714,0.357816968608702
"715",715,0.478997670146669
"716",716,0.353076446796594
"717",717,0.312807495328082
"718",718,0.39140159011185
"719",719,0.359772162230494
"720",720,0.426624183803605
"721",721,0.400421629548432
"722",722,0.334822123953232
"723",723,0.390940821433538
"724",724,0.293511710602185
"725",725,0.422440957206518
"726",726,0.309189004484012
"727",727,0.300667507474928
"728",728,0.349814666007209
"729",729,0.455286052044368
"730",730,0.423820415071708
"731",731,0.445238598974088
"732",732,0.349896341489599
"733",733,0.404003950248926
"734",734,0.346207255708893
"735",735,0.283192068111122
"736",736,0.345870356772734
"737",737,0.280095530060597
"738",738,0.391556453872645
"739",739,0.418310359890509
"740",740,0.371260130445779
"741",741,0.376975533805791
"742",742,0.310908768162871
"743",743,0.298225891721449
"744",744,0.46547904082679
"745",745,0.344056162370337
"746",746,0.330928697130003
"747",747,0.3405946961498
"748",748,0.29962653118578
"749",749,0.280680350398617
"750",750,0.381564974818208
"751",751,0.365206020596581
"752",752,0.345345218595219
"753",753,0.327400412481531
"754",754,0.348340799247616
"755",755,0.394363047990067
"756",756,0.466382180762792
"757",757,0.300369609673929
"758",758,0.265521672048837
"759",759,0.519591641309878
"760",760,0.307050546375985
"761",761,0.355238855220857
"762",762,0.325144678854565
"763",763,0.46590213670066
"764",764,0.394174958109656
"765",765,0.364702243557368
"766",766,0.314552936534968
"767",767,0.33438185536455
"768",768,0.289616630420741
"769",769,0.322321637224992
"770",770,0.289958058445567
"771",771,0.269350593614036
"772",772,0.291155452325694
"773",773,0.376651574333591
"774",774,0.354926833280521
"775",775,0.328858829481101
"776",776,0.413877574642032
"777",777,0.337501372884246
"778",778,0.421907794269714
"779",779,0.351921103450122
"780",780,0.318832439894751
"781",781,0.37451563822213
"782",782,0.397120300263703
"783",783,0.371141014450001
"784",784,0.481748571094076
"785",785,0.36070056479611
"786",786,0.332259596606439
"787",787,0.341066393315571
"788",788,0.384760942044667
"789",789,0.292762729348644
"790",790,0.332004070965971
"791",791,0.35555765383784
"792",792,0.412753670480675
"793",793,0.404845062835712
"794",794,0.367254421270084
"795",795,0.288833460098285
"796",796,0.578742159572536
"797",797,0.389302266380575
"798",798,0.321133546914822
"799",799,0.375661038804483
"800",800,0.330225869357259
"801",801,0.305434685572553
"802",802,0.600567261290232
"803",803,0.364528243408381
"804",804,0.295077096260164
"805",805,0.395137235954759
"806",806,0.230235382370911
"807",807,0.291348661488273
"808",808,0.372435938432247
"809",809,0.360836861547599
"810",810,0.552289269570947
"811",811,0.391520221244528
"812",812,0.423100485893245
"813",813,0.343914948795457
"814",814,0.373884136060065
"815",815,0.349346897209891
"816",816,0.389482957482481
"817",817,0.354459713174274
"818",818,0.460998989182829
"819",819,0.461420824099495
"820",820,0.384665898516311
"821",821,0.279588723470831
"822",822,0.495529299617636
"823",823,0.373259834885354
"824",824,0.346045383756939
"825",825,0.304574709252168
"826",826,0.391646401534599
"827",827,0.35552216157459
"828",828,0.390845683793528
"829",829,0.352251384883446
"830",830,0.453257384485311
"831",831,0.299412752072991
"832",832,0.357393226050319
"833",833,0.310160150191971
"834",834,0.265358751905785
"835",835,0.315680530945771
"836",836,0.320093006361756
"837",837,0.293775260924005
"838",838,0.377073787896282
"839",839,0.375223886893316
"840",840,0.417437735542138
"841",841,0.346673841732967
"842",842,0.419553775780241
"843",843,0.328049840379207
"844",844,0.382629809880346
"845",845,0.410197515987488
"846",846,0.399389618590646
"847",847,0.372932924424129
"848",848,0.318388394460457
"849",849,0.460070727227933
"850",850,0.366175710365069
"851",851,0.345410028167934
"852",852,0.481227902610989
"853",853,0.271589377545521
"854",854,0.314440740440844
"855",855,0.337522667308354
"856",856,0.320349782414553
"857",857,0.557649267486089
"858",858,0.515179026615569
"859",859,0.420453140057905
"860",860,0.317859469361261
"861",861,0.269095304034094
"862",862,0.339986413691821
"863",863,0.280482186994691
"864",864,0.308373799679198
"865",865,0.288454375902619
"866",866,0.402624603122435
"867",867,0.496798440511911
"868",868,0.336184292506571
"869",869,0.518039927962781
"870",870,0.348505856894288
"871",871,0.36524309849116
"872",872,0.47691989550039
"873",873,0.40443091718334
"874",874,0.359358933241682
"875",875,0.294783503294039
"876",876,0.315517428506804
"877",877,0.501159631152942
"878",878,0.429735110341446
"879",879,0.380170253840279
"880",880,0.564903737106942
"881",881,0.347796964269023
"882",882,0.406991335543492
"883",883,0.40064741271914
"884",884,0.307054532580456
"885",885,0.381208951533549
"886",886,0.332031082013333
"887",887,0.381575917680124
"888",888,0.347998880864488
"889",889,0.355392758311988
"890",890,0.289485861013521
"891",891,0.343168403501626
"892",892,0.429621354600742
"893",893,0.34244594358782
"894",894,0.405420627996797
"895",895,0.557220042137693
"896",896,0.343460470472908
"897",897,0.319143865800181
"898",898,0.382284290144898
"899",899,0.328758628517953
"900",900,0.516221904181972
"901",901,0.279255262763758
"902",902,0.353677303464359
"903",903,0.354825882383303
"904",904,0.371263671714553
"905",905,0.379424397067705
"906",906,0.260361474592063
"907",907,0.414700239874219
"908",908,0.327303800076236
"909",909,0.386169011464593
"910",910,0.328483574364767
"911",911,0.296917816944666
"912",912,0.291245980041068
"913",913,0.26209361200353
"914",914,0.35815572203283
"915",915,0.349815993517001
"916",916,0.30794907478978
"917",917,0.318455980713153
"918",918,0.380370497840316
"919",919,0.315457310096833
"920",920,0.400038326003753
"921",921,0.395135469565795
"922",922,0.400301106061307
"923",923,0.508152938060582
"924",924,0.330583774454847
"925",925,0.303122798291704
"926",926,0.446160429381993
"927",927,0.359487625226345
"928",928,0.316028617965053
"929",929,0.36583840995413
"930",930,0.369040711907074
"931",931,0.470915517297617
"932",932,0.34440110543551
"933",933,0.394336756713386
"934",934,0.347055057025645
"935",935,0.422522628972517
"936",936,0.32775150286785
"937",937,0.458155830704543
"938",938,0.330157325465434
"939",939,0.314856178576597
"940",940,0.367800433707042
"941",941,0.517250598250549
"942",942,0.283228466970137
"943",943,0.439533721618407
"944",944,0.416091096339702
"945",945,0.30521224164288
"946",946,0.338013775086079
"947",947,0.415306278779935
"948",948,0.431837047841344
"949",949,0.473643015425529
"950",950,0.312559244504092
"951",951,0.329467677842417
"952",952,0.371492881657826
"953",953,0.488213369593141
"954",954,0.337739009832312
"955",955,0.293282136001239
"956",956,0.299028156253276
"957",957,0.272747439771689
"958",958,0.357218839186829
"959",959,0.440225738825986
"960",960,0.539391927883712
"961",961,0.400553059845342
"962",962,0.311527961008416
"963",963,0.293254892987137
"964",964,0.261655732161328
"965",965,0.539050377806984
"966",966,0.390013643617489
"967",967,0.327080134806427
"968",968,0.343424499401166
"969",969,0.305519335554865
"970",970,0.375088064421778
"971",971,0.42234605106185
"972",972,0.428486451567004
"973",973,0.300121090050608
"974",974,0.346895654610063
"975",975,0.419893027810392
"976",976,0.345086807532283
"977",977,0.346567064279802
"978",978,0.378207022800072
"979",979,0.279280678245419
"980",980,0.289216604118008
"981",981,0.308395260773062
"982",982,0.283918235747372
"983",983,0.463136082486352
"984",984,0.394443904843318
"985",985,0.359803090654517
"986",986,0.268209206442811
"987",987,0.399043153611141
"988",988,0.434052885936682
"989",989,0.409550021732982
"990",990,0.513756061470402
"991",991,0.345805378224704
"992",992,0.440006981934044
"993",993,0.341215969668187
"994",994,0.380294773783127
"995",995,0.319709686658864
"996",996,0.451597981890024
"997",997,0.316571219086746
"998",998,0.397617233466552
"999",999,0.37653086022782
"1000",1000,0.428540949637632
